id,link,source,type,title,summary,content,publishDate,tags,author,category,image
0,https://readwrite.com/coinbase-profits-soar-over-1-billion-from-a-year-amid-bitcoin-etf-boom/,ReadWrite,News Article,Coinbase profits soar over $1 billion from a year amid Bitcoin ETF boom,"Coinbase, one of the world’s largest cryptocurrency exchanges, reported a remarkable turnaround in its first-quarter financial results on Thursday (May… Continue reading Coinbase profits soar over $1 billion from a year amid Bitcoin ETF boom
The post Coinbase…","Coinbase, one of the world’s largest cryptocurrency exchanges, reported a remarkable turnaround in its first-quarter financial results on Thursday (May 2).
The company swung to a staggering $1.2 bil… [+1837 chars]",2024-05-03T13:04:31Z,N/A,Sam Shedden,N/A,N/A
1,https://readwrite.com/chinese-authorities-shut-down-illegal-crypto-service/,ReadWrite,News Article,Chinese authorities shut down illegal crypto service,"Chinese authorities have shut down an underground bank that facilitated illegal currency exchange between the Chinese yuan and South Korean… Continue reading Chinese authorities shut down illegal crypto service
The post Chinese authorities shut down illegal c…","Chinese authorities have shut down an underground bank that facilitated illegal currency exchange between the Chinese yuan and South Korean won, using cryptocurrency as a medium.
Police announced on… [+3465 chars]",2024-05-13T12:27:38Z,N/A,Radek Zielinski,N/A,https://readwrite.com/wp-content/uploads/2024/05/9fe82a1e-70a8-42a2-9c99-976955fd3ccd.webp
2,https://hypebeast.com/2024/4/kisa-manhattan-lower-east-side-korean-diner,HYPEBEAST,News Article,Manhattan’s Kisa Is a Reimagination of South Korea’s Roadside Restaurants,"A new restaurant in Manhattan’s Lower East Side is recreating an experience unique to South Korea’s taxi culture. While most BBQ restaurants in South Korea are designed to be shared among multiple people, the “Kisa Sikdang” – which translates to “driver’s res…",A new restaurant in Manhattans Lower East Side is recreating an experience unique to South Koreas taxi culture. While most BBQ restaurants in South Korea are designed to be shared among multiple peop… [+1339 chars],2024-04-22T19:56:13Z,N/A,info@hypebeast.com (Hypebeast),N/A,https://image-cdn.hypb.st/https%3A%2F%2Fhypebeast.com%2Fimage%2F2024%2F04%2F22%2Fkisa-south-korean-diner-opening-manhattan-tw_11zon.jpg?w=1080&cbr=1&q=90&fit=max
3,https://qz.com/microstartegy-coinbase-jump-after-bitcoin-halving-1851426739,Quartz India,News Article,"MicroStrategy, Coinbase, and other crypto stocks jump after the Bitcoin 'halving'","Cryptocurrency-related stocks surged on Monday afternoon after Bitcoin underwent a successful “halving” over the weekend. As of right now, Bitcoin is trading at a solid $66,000, following the modest rise it experienced post-halving.Read more...","Cryptocurrency-related stocks surged on Monday afternoon after Bitcoin underwent a successful halving over the weekend. As of right now, Bitcoin is trading at a solid $66,000, following the modest ri… [+1510 chars]",2024-04-22T17:49:00Z,N/A,Vinamrata Chaturvedi,N/A,"https://i.kinja-img.com/image/upload/c_fill,h_675,pg_1,q_80,w_1200/1734d62aeed19bbaecc24a33e497c045.jpg"
4,https://www.r-bloggers.com/2024/04/logistic-regression-is-not-advanced-machine-learning-or-artificial-intelligence/,R-bloggers.com,News Article,Logistic regression is not advanced ‘machine learning’ or ‘artificial intelligence’,"Motivation
One of the most common comments I hear is that logistic regression (also called Binomial regression) is some kind of “advanced magic”, “machine learning”, “artificial intelligence” or “big data”. This is not true.
In this post, I will ...
Continue …","Motivation
One of the most common comments I hear is that logistic regression (also called Binomial regression) is some kind of advanced magic, machine learning, artificial intelligence or big data.… [+4573 chars]",2024-05-01T04:00:00Z,N/A,pacha.dev/blog,N/A,https://www.r-bloggers.com/wp-content/uploads/2016/04/R_02_2016-05-01.png
5,https://www.forbes.com/sites/colinharper/2024/04/22/bitcoin-transaction-fees-hit-record-levels-after-halving---heres-why/,Forbes,News Article,Bitcoin Transaction Fees Hit Record Level After Halving — Here’s Why,"Thanks to Runes, Bitcoin miners earned a month's worth of transaction fees in just two days.","BitcoinBTC
 transaction fees soared to their highest level ever last weekend, all thanks to trading activity for a newly launched standard for Bitcoin-based digital collectibles.
On April 20 (UTC t… [+6602 chars]",2024-04-22T21:11:37Z,N/A,"Colin Harper, Senior Contributor, 
 Colin Harper, Senior Contributor
 https://www.forbes.com/sites/colinharper/",N/A,https://imageio.forbes.com/specials-images/imageserve/6626b4b3a85bfd910d4a35d5/0x0.jpg?format=jpg&height=900&width=1600&fit=bounds
6,https://www.forbes.com/sites/digital-assets/2024/04/24/huge-disaster-congress-just-introduced-a-game-changing-crypto-bill-that-could-blow-up-the-bitcoin-price-and-crypto-market/,Forbes,News Article,‘Huge Disaster’—Congress Just Introduced A Game-Changing Bill That Could Blow Up The Bitcoin Price And Crypto Market,"A pair of U.S. senators have introduced a new crypto bill to Congress, designed to regulate dollar-pegged stablecoins, and described as a ""huge disaster"" by one expert...","04/24 update below. This post was originally published on April 23
BitcoinBitcoin
 has just undergone its latest halving supply cut, triggering ""unprecedented"" crypto ""chaos.""
Subscribe now to For… [+6557 chars]",2024-04-24T20:41:51Z,N/A,"Billy Bambrough, Senior Contributor, 
 Billy Bambrough, Senior Contributor
 https://www.forbes.com/sites/billybambrough/",N/A,https://imageio.forbes.com/specials-images/imageserve/6627ac00d3b96a519dc24e49/0x0.jpg?format=jpg&height=900&width=1600&fit=bounds
7,https://www.forbes.com/sites/forbes-personal-shopper/2024/05/09/how-to-get-noah-kahan-tickets/,Forbes,News Article,How To Get Noah Kahan Tickets In 2024,"Singer-songwriter Noah Kahan has been on the road for months, but the We’ll All Be Here Forever tour isn’t even close to over. Here's how to get Noah Kahan tickets now.","Singer-songwriter Noah Kahan has been on the road for months, but the Well All Be Here Forever tour isnt even close to over. Hes performing at stadiums, festivals and arenas through the end of Septem… [+9255 chars]",2024-05-09T13:16:06Z,N/A,"Christine Colby, Contributor, 
 Christine Colby, Contributor
 https://www.forbes.com/",N/A,https://imageio.forbes.com/specials-images/imageserve/6638ff8694736d5f7eea5ede/0x0.jpg?format=jpg&height=900&width=1600&fit=bounds
8,https://biztoc.com/x/216a5868df6fc859,Biztoc.com,News Article,Crypto Analyst Bullish On This Solana-Based Meme Coin Amid Market Downturn: 'This Will Prove To Be A Great Entry In Time',"As the cryptocurrency market experiences a correction, a prominent analyst has identified a meme coin running on Solana SOL/USD that is showing promising signs. What Happened: The pseudonymous analyst Bluntz has pointed out that dogwifhat WIF/USD, a meme coin…","As the cryptocurrency market experiences a correction, a prominent analyst has identified a meme coin running on Solana SOL/USD that is showing promising signs.What Happened: The pseudonymous analyst… [+287 chars]",2024-04-18T11:20:08Z,N/A,benzinga.com,N/A,https://c.biztoc.com/p/216a5868df6fc859/s.webp
9,https://biztoc.com/x/6859146c94f089a4,Biztoc.com,News Article,Bitcoin’s Lightening Network: What Is It?,"At the beginning of this month, Coinbase (NASDAQ: COIN) announced they are partnering with Lightspark to bring the Bitcoin (BTC-USD) Ligh... #coinbase","At the beginning of this month, Coinbase (NASDAQ: COIN) announced they are partnering with Lightspark to bring the Bitcoin (BTC-USD) Ligh...
#coinbase
This story appeared on tipranks.com, .",2024-04-18T16:18:22Z,N/A,tipranks.com,N/A,https://c.biztoc.com/p/6859146c94f089a4/s.webp
10,https://biztoc.com/x/a39139fbc37e7be0,Biztoc.com,News Article,Binance enhances SAFU fund stability through USDC amid regulatory progress in Dubai and India,"Binance has completed the conversion of its Secure Asset Fund for Users (SAFU) into Circle’s USD Coin (USDC) stablecoin, according to on-chain data. In an April 18 statement, Binance confirmed transferring 100% of SAFU’s assets to the USDC stablecoin. Accordi…","Binance has completed the conversion of its Secure Asset Fund for Users (SAFU) into Circles USD Coin (USDC) stablecoin, according to on-chain data.In an April 18 statement, Binance confirmed transfer… [+281 chars]",2024-04-18T09:12:07Z,N/A,cryptoslate.com,N/A,https://c.biztoc.com/p/a39139fbc37e7be0/s.webp
11,https://www.coindesk.com/policy/2024/05/06/less-than-10-of-stablecoin-transaction-volume-coming-from-real-users-report/,CoinDesk,News Article,Less Than 10% of Stablecoin Transaction Volume Coming from Real Users: Report,"Less than 10% of stablecoin transaction volumes are organic or come from real people, according to new findings by Visa and data platform Allium Labs, Bloomberg reported.","<ul><li>More than 90% of stablecoin transaction volumes arent coming from genuine users, analysis co-developed by Visa finds, according to a Bloomberg report.
</li><li>Out of about $2.2 trillion in … [+1739 chars]",2024-05-06T06:48:30Z,N/A,Amitoj Singh,N/A,https://www.coindesk.com/resizer/TjRN72ej4sSWVbBCufxWC5acYto=/1200x628/center/middle/cloudfront-us-east-1.images.arcpublishing.com/coindesk/L4KK2FI4IBASLFPHGYRH2PLA7E.jpg
12,https://www.coindesk.com/markets/2024/04/29/bitcoin-trades-at-slight-premium-in-yen-terms-amid-suspected-boj-intervention/,CoinDesk,News Article,Bitcoin Trades At Slight Premium in Yen Terms Amid Suspected BOJ Intervention,"The Japanese yen swung wildly on Monday, recovering 500 pips from over three-decade lows on suspected BOJ intervention.","<ul><li>BTC drew a slight premium in Japanese markets on Monday as the yen swung wildly in holiday-thinned trading.
</li><li>FX volatility is on the rise, and it could impact the crypto market, one … [+2475 chars]",2024-04-29T11:31:59Z,N/A,Omkar Godbole,N/A,https://www.coindesk.com/resizer/2nb-ATsuvwNMXSpI5aAAJUTAn7Q=/1200x628/center/middle/cloudfront-us-east-1.images.arcpublishing.com/coindesk/L4HIQ7EJTRHBBJDOZWEQ6GWU6A.jpg
13,https://www.coindesk.com/tech/2024/05/15/sonne-finance-token-drops-60-after-20m-exploit-on-optimism/,CoinDesk,News Article,Sonne Finance Token Drops 60% After $20M Exploit on Optimism,"Attackers stole ether, velo and stablecoins before developers mitigated the hack and paused operations. Sonne’s markets on the Base blockchain were not affected.","<ul><li>Sonne Finance's SONNE token plummeted 60% to 2.5 cents after a hack drained $20 million from the decentralized lending protocol.
</li><li>The exploiters used a ""donation"" attack to manipulat… [+2399 chars]",2024-05-15T09:11:16Z,N/A,Shaurya Malwa,N/A,https://www.coindesk.com/resizer/bwlS8qQKCe_xJUIU7VSJ_sNhtSc=/1200x628/center/middle/cloudfront-us-east-1.images.arcpublishing.com/coindesk/EQIWBBPUXVFFLIN4TV4NPCO3UM.jpg
14,https://www.coindesk.com/markets/2024/04/23/bitcoins-post-halving-demand-to-be-5x-greater-than-supply-bitfinex-estimates/,CoinDesk,News Article,"Bitcoin's Post-Halving Demand to Be 5x Greater Than Supply, Bitfinex Estimates","The new BTC supply added to the market could drop to $30 million per day, according to Bitfinex.","<ul><li>Analysts at Bitfinex estimate that the new BTC supply added to the market could drop to $30 million per day, amounting to less than five times the average daily inflows into the spot-based ET… [+3179 chars]",2024-04-23T07:22:36Z,N/A,Omkar Godbole,N/A,https://www.coindesk.com/resizer/GjAZPOzA3Wizkj85bKdpr_13ByI=/1200x628/center/middle/cloudfront-us-east-1.images.arcpublishing.com/coindesk/4AVA3QECL5DHBCY5MD2JZO6M2Y.jpg
15,https://www.coindesk.com/consensus-magazine/2024/04/19/leaving-behind-bitcoin-sectarianism/,CoinDesk,News Article,Leaving Behind Bitcoin Sectarianism,"After years of infighting over how to scale the blockchain, the community is again experimenting with ways to turn Bitcoin into a suitable platform to develop on.","Ive always tended to be heterodox in my beliefs, my social attitudes and the way I reason outside of scholarly consensus.
Patrick Dugan is the founder of the Omni Foundation, CEO of TradeLayer and c… [+7775 chars]",2024-04-19T16:02:54Z,N/A,Patrick Dugan,N/A,https://www.coindesk.com/resizer/VpglTn8YKTdT_QLG3EKQFz1Xn30=/1200x628/center/middle/cloudfront-us-east-1.images.arcpublishing.com/coindesk/LLFBH3PWOZAMJDUZWKOY52LZKE.jpg
16,https://techreport.com/crypto-news/real-world-asset-rwa-protocols-hit-new-all-time-high-of-nearly-8-billion-tvl/,Techreport.com,News Article,Real-World Asset (RWA) Protocols Hit New All-Time High of Nearly $8 Billion TVL,"Blockchain analytics and research firm Messari has revealed staggering figures indicating a notable growth in the real-world asset (RWA) tokenization industry. Over the past year, RWA protocols have seen a...
The post Real-World Asset (RWA) Protocols Hit New …","Blockchain analytics and research firm Messari has revealed staggering figures indicating a notable growth in the real-world asset (RWA) tokenization industry.
Over the past year, RWA protocols have… [+3092 chars]",2024-05-01T19:41:20Z,N/A,Rida Fatima,N/A,https://techreport.com/wp-content/uploads/2024/05/Screenshot-2024-05-01-at-10.47.53 PM.png
17,https://techreport.com/crypto-news/top-crypto-analyst-reveals-top-3-investments-april/,Techreport.com,News Article,Top Crypto Analyst Reveals His Top Three Investments for April,"Popular crypto analyst Andre Outberg has revealed his top three crypto investments for April. One of them is a brand-new GameFi/GambleFi Solana project that has gained popularity recently. Outberg is...
The post Top Crypto Analyst Reveals His Top Three Invest…","Dont invest unless youre prepared to lose all the money you invest. This is a high-risk investment and you should not expect to be protected if something goes wrong.
Popular crypto analyst Andre Out… [+2147 chars]",2024-04-18T14:20:15Z,N/A,Alex Popa,N/A,https://techreport.com/wp-content/uploads/2024/04/crypto-analist-top-picks-2.jpg?_t=1713451133
18,https://finance.yahoo.com/news/uniswap-integrates-robinhood-connect-facilitate-053858411.html,Yahoo Entertainment,News Article,Uniswap Integrates Robinhood Connect to Facilitate Cryptocurrency Purchases,"Uniswap (UNI), the leading decentralized exchange (DEX) on Ethereum and EVM chains, announced on Monday that its users can now utilize Robinhood Connect.","Uniswap Integrates Robinhood Connect to Facilitate Cryptocurrency Purchases
Uniswap (UNI), the leading decentralized exchange (DEX) on Ethereum and EVM chains, announced on Monday that its users can… [+1504 chars]",2024-05-01T05:38:58Z,N/A,Hope C,N/A,https://media.zenfs.com/en/coinmarketcap_783/a319794f7c2675a02a1f919759581ddc
19,https://www.benzinga.com/markets/cryptocurrency/24/05/38648709/robinhood-investors-can-now-buy-bonk-pepe-and-100s-of-meme-coins-via-the-uniswap-app,Benzinga,News Article,"Robinhood Investors Can Now Buy Bonk, Pepe And 100s Of Meme Coins Via The Uniswap App",N/A,One of the major limitations to getting involved in Web3 is the lack of affordable and easy funding options. Often investors have to open an account and go through a dedicated crypto brokerage or thr… [+2633 chars],2024-05-06T18:32:31Z,N/A,Caden Pok,N/A,https://cdn.benzinga.com/files/images/story/2024/05/06/London--United-Kingdom---October-05--201.jpeg?width=1200&height=800&fit=crop
20,https://www.electronicpaymentsinternational.com/news/crypto-hiring-thrives-in-q1-2024-reports-globaldata/,Electronicpaymentsinternational.com,News Article,"Crypto hiring thrives in Q1 2024, but April slump highlights volatility and regulatory concerns, says GlobalData",Major firms are betting big on the Web3 job market anticipating an increased adoption of blockchain technology,Cryptocurrency-related hiring activity remained strong in the first quarter (Q1) of 2024 and registered quarter-on-quarter (q-o-q) growth as companies such as Coinbase and Binance posted significant … [+3442 chars],2024-05-14T23:17:18Z,N/A,Douglas Blakey,N/A,https://media.zenfs.com/en/electronic_payments_938/34b37186641a920a32f51551bc83447e
21,https://finance.yahoo.com/news/live/stock-market-today-stocks-surge-as-jobs-report-revives-rate-cut-bets-apple-jumps-6-124351520.html,Yahoo Entertainment,News Article,"Stock market today: Stocks surge as jobs report revives rate-cut bets, Apple jumps 6%",Surprisingly upbeat Apple earnings were boosting spirits in the wait for the monthly jobs report.,"US stocks surged on Friday, as upbeat earnings from Apple (AAPL) lifted spirits and a weaker-than-expected jobs report revived bets that the Federal Reserve could cut interest rates sooner than thoug… [+15179 chars]",2024-05-03T20:04:28Z,N/A,Karen Friar,N/A,https://s.yimg.com/ny/api/res/1.2/S2LurtQIh0y_h.mZ.BZXBg--/YXBwaWQ9aGlnaGxhbmRlcjt3PTEyMDA7aD04MDA-/https://s.yimg.com/os/creatr-uploaded-images/2024-03/41327780-dc68-11ee-bf7f-7a353c8ed097
22,https://finance.yahoo.com/news/no-1-retail-store-every-110003165.html,Yahoo Entertainment,News Article,This Is the No. 1 Retail Store in Every State,Each of the 50 states is home to a highly rated business whose industry is a retailer selling directly to customers. To find the number one retail store in...,"nd3000 / Getty Images/iStockphoto
Each of the 50 states is home to a highly rated business whose industry is a retailer selling directly to customers. To find the number one retail store in every st… [+16974 chars]",2024-04-18T11:00:03Z,N/A,Joel Anderson,N/A,https://s.yimg.com/ny/api/res/1.2/D6WBki_LpRY8UaGfDQb5kQ--/YXBwaWQ9aGlnaGxhbmRlcjt3PTEyMDA7aD02NzU-/https://media.zenfs.com/en/gobankingrates_644/a1820445142efb07d954e4d0cbd9c050
23,https://www.realmenrealstyle.com/linen-pants/,Realmenrealstyle.com,News Article,The Best Men’s Linen Pants Keep You Looking Cool and Feeling Cooler,"Things are getting toasty out there, fellas. It’s just about time to switch over to your summer wardrobe. On the absolute hottest of days, you may be inclined to reach for your favorite pair of shorts. And hey, we’re not knocking that decision. But on days th…","Things are getting toasty out there, fellas. Its just about time to switch over to your summer wardrobe. On the absolute hottest of days, you may be inclined to reach for your favorite pair of shorts… [+7740 chars]",2024-05-16T16:08:41Z,N/A,Antonio Centeno,N/A,https://www.realmenrealstyle.com/wp-content/uploads/2024/05/relaxed-fit-beige-linen-pants-black-t-shirt-black-leather-belt-loafers.jpg
24,https://erickimphotography.com/blog/2024/04/20/bitcoin-futures/,Erickimphotography.com,News Article,Bitcoin Futures,Thinking beyond— LA THOUGHTS Bitcoin innovations? The more people who join the bitcoin ecosystem better; like institutions and institutional investors. How long until Harvard or Yale will put some of their endowment into bitcoin? Bitcoin messaging? To send ve…,"Thinking beyond—
<ol><li>Being antisocial is anti manly?</li><li>Where are all of the real men in LA?</li><li>Transform and turn your body into the cybertruck !</li><li>Your car shows who you truly … [+10063 chars]",2024-04-20T16:32:56Z,N/A,ERIC KIM,N/A,N/A
25,https://www.pausaparafeminices.com/ppf/best-live-roulette-video-game-and-you-can-gambling-enterprises-for-us-players-inside-the-2024/,Pausaparafeminices.com,News Article,Best Live Roulette Video game and you can Gambling enterprises For us Players Inside the 2024,"Articles Best Real money Cellular Casinos Which Makes Online game To have Web based casinos? On-line casino Coupons Last but not least, web based casinos give flexible playing choices to match the funds. Regardless if you are a premier roller or a laid-back u…","Last but not least, web based casinos give flexible playing choices to match the funds. Regardless if you are a premier roller or a laid-back user, there are a-game that fits their bankroll. As well … [+5864 chars]",2024-05-13T03:49:35Z,N/A,Bruna Tavares,N/A,N/A
26,https://www.pausaparafeminices.com/ppf/diamond-rush-dos-play-on-crazygames/,Pausaparafeminices.com,News Article,Diamond Rush dos Play on Crazygames,Posts Added bonus Series To your Twice Diamond Slots Bratz: Permanently Diamondz Screenshots Controls From Luck Electricity Wedges Key Specifics of Diamond Dashboard The largest adventure and you will earnings from the slot is also property having a little he…,The largest adventure and you will earnings from the slot is also property having a little help from the new Nuts symbol. Whenever one to Wild replacements various other icon in the a fantastic conso… [+5574 chars],2024-05-08T04:51:36Z,N/A,Bruna Tavares,N/A,N/A
27,https://www.pausaparafeminices.com/ppf/all-of-us-states-having-courtroom-online-black-jack-black-jack-claims-2024/,Pausaparafeminices.com,News Article,"All of us States Having Courtroom Online Black-jack, Black-jack Claims 2024",Articles On-line poker Au What do I need to Has To help you Enjoy Online Black-jack? Tips Play Black-jack First of all Faq For you to Gamble Black-jack Black-jack Method: How to Boost your Likelihood of Profitable Since there is ways to reduce steadily the ho…,"Since there is ways to reduce steadily the house edge somewhat, they wont be easy. Youd must memorize and you can learn how to make use of the counting solutions particular to every front side choice… [+6296 chars]",2024-05-08T18:37:50Z,N/A,Bruna Tavares,N/A,N/A
28,https://www.ibtimes.com/michael-saylor-calls-bitcoin-cyberspace-city-one-user-notes-rent-high-3730627,International Business Times,News Article,"Michael Saylor Calls Bitcoin A Cyberspace 'City,' But One User Notes 'Rent' Is High","MicroStrategy's Michael Saylor has once again stirred the Bitcoin community with his latest post stating that BTC is a city, but the statement has raised the topic of high ""rent"" that may have become too high for small Bitcoin holders post-halving.","KEY POINTS
<ul><li>One user pointed to a deeper discussion behind Bitcoin being a city: rent payments</li><li>Another user noted that Bitcoin 'rent' is high at this point</li><li>BTC transaction fee… [+3263 chars]",2024-04-26T04:56:59Z,N/A,Marvie Basilan,N/A,https://d.ibtimes.com/en/full/4507403/1.png
29,https://www.ibtimes.com/stripe-snaps-6-year-crypto-break-announces-usdc-stablecoin-support-summer-3730663,International Business Times,News Article,"Stripe Snaps 6-Year Crypto Break, Announces USDC Stablecoin Support In Summer","Stripe has returned to the cryptocurrency space six years since it terminated support for Bitcoin payments, but this time, it is jumping back in through the expanding stablecoin market, starting off with the USDC.","KEY POINTS
<ul><li>USDC payments will be facilitated sometime in the summer, Stripe's Collison said</li><li>Stripe will initially support USDC transactions on Solana, Ethereum and Polygon</li><li>St… [+3796 chars]",2024-04-26T12:03:28Z,N/A,Marvie Basilan,N/A,https://d.ibtimes.com/en/full/4523596/stripe-co-founder-john-collison.png
30,https://www.ibtimes.com/bitcoin-community-celebrates-major-milestone-1-billion-processed-transactions-3731305,International Business Times,News Article,Bitcoin Community Celebrates Major Milestone: 1 Billion Processed Transactions,"Bitcoin has completed over one billion transactions, 15 years after the first block was mined by the digital asset's pseudonymous creator, Satoshi Nakamoto.","KEY POINTS
<ul><li>Jack Dorsey and Michael Saylor were among the prominent crypto figures who hailed the development</li><li>Bitcoiner Neil Jacobs said the achievement speaks as a rebuttal to all sk… [+3685 chars]",2024-05-06T11:02:01Z,N/A,Marvie Basilan,N/A,https://d.ibtimes.com/en/full/4505619/bitcoin-prices-have-risen-anticipation-us-regulatory-approval-exchange-traded-funds.jpg
31,https://www.ibtimes.com/millions-misplaced-funds-stuck-bridge-contracts-one-linked-vitalik-buterin-arkham-3730454,International Business Times,News Article,"Millions In 'Misplaced' Funds Stuck On Bridge Contracts, One Linked To Vitalik Buterin: Arkham","There are several millions in cryptocurrencies waiting to be claimed by their owners on bridge contracts, Arkham Intelligence revealed – one of the wallet owners is Ethereum co-founder Vitalik Buterin.","KEY POINTS
<ul><li>Bofur Capital has nearly $2 million in WBTC on the Arbitrum bridge</li><li>A Buterin-linked wallet has some $1.05 million in ETH on the Optimism bridge</li><li>The pseudonymous fo… [+2916 chars]",2024-04-24T05:05:26Z,N/A,Marvie Basilan,N/A,https://d.ibtimes.com/en/full/4522760/crypto.png
32,https://www.finextra.com/newsarticle/44012/crypto-trader-convicted-of-110m-fraud,Finextra,News Article,Crypto trader convicted of $110m fraud,A cryptocurrency trader has been convicted of fraud in connection with a $110 million market manipulation case.,"A cryptocurrency trader has been convicted of fraud in connection with a $110 million market manipulation case.
 Avraham Eisenberg was convicted by a federal jury in New York after prosecutors accus… [+633 chars]",2024-04-21T23:06:06Z,N/A,Editorial Team,N/A,https://www.finextra.com/finextra-images/top_pics/xl/law.jpg
33,https://finance.yahoo.com/news/coinbase-first-quarter-profits-surged-above-1-billion-on-etf-frenzy-204045161.html,Yahoo Entertainment,News Article,Coinbase first-quarter profits surged above $1 billion on ETF frenzy,Coinbase posted its second consecutive quarterly profit as crypto trading surged during the first three months of 2024.,"Coinbase Global (COIN) posted its second consecutive quarterly profit as crypto trading surged during the first three months of 2024.
Yet the stock of the largest US cryptocurrency exchange fell by … [+3107 chars]",2024-05-02T20:40:45Z,N/A,David Hollerith,N/A,https://s.yimg.com/ny/api/res/1.2/k3tHAyxQYuiu1HfPYD0q8Q--/YXBwaWQ9aGlnaGxhbmRlcjt3PTEyMDA7aD04MDA-/https://s.yimg.com/os/creatr-uploaded-images/2024-05/e6334f00-08c0-11ef-9bd7-775dcd978bb0
34,https://www.bloguismo.com/online-slots-games-real-money-2/,Bloguismo.com,News Article,Online slots games Real money,"Posts Encontre O Local casino Perfeito Find out more about Online slots games What are 100 percent free Ports? Finest Online slots games The real deal Currency You can enjoy incentive rims, respins, bouncing wilds, and a lot more when you play on the web. On …","You can enjoy incentive rims, respins, bouncing wilds, and a lot more when you play on the web. On top of that, the fresh position bonuses are very a lot more entertaining, with have allowing you to … [+5050 chars]",2024-05-11T00:00:49Z,N/A,Anairas,N/A,https://g.twimg.com/Twitter_logo_blue.png
35,https://www.bloguismo.com/enjoy-all-totally-free-position-games-by-gambino-position/,Bloguismo.com,News Article,Enjoy All Totally free Position Games By Gambino Position,"Articles Give Their Online game The new Edge The various 100 percent free Slots That have 100 percent free Spins No Down load Which are the Greatest Free Slot machines? Listed here are 10 Of them, And no Downloading Otherwise Subscription Needed If you want t…","If you want to become familiar with probably the most played ports, keep reading to determine. Discover and you can Victory This can be an interactive bonus game where people is actually questioned a… [+5391 chars]",2024-04-24T01:13:42Z,N/A,Anairas,N/A,https://g.twimg.com/Twitter_logo_blue.png
36,https://www.bloguismo.com/multiple-diamond-on-line-position/,Bloguismo.com,News Article,Multiple Diamond On line Position,Articles Free online Slots Free Slot Incentives And Promotions At the Casinos on the internet Totally free Slots Zero Obtain Zero Registration What’s the Large Spending Symbol Out of Triple Diamond? Get started because of the choosing into the Larger Egyptian…,"Get started because of the choosing into the Larger Egyptian Luck Wager and possess campaign. Following, choice twenty-five https://zeusslot.org/atlantis-queen/ everyday for the our very own personal… [+4735 chars]",2024-05-04T20:11:14Z,N/A,Anairas,N/A,https://g.twimg.com/Twitter_logo_blue.png
37,https://fortune.com/crypto/2024/04/19/ethena-labs-stablecoin-synthetic-dollar-tether-circle/,Fortune,News Article,Don’t call it a stablecoin: How did a ‘synthetic dollar’ generate a yield of 113%?,"DEK: Tokenizing the cash-and-carry trade, Ethena is turning heads in the crypto market. But some worry its risks are being overlooked amid the latest bull run.","A cryptocurrency called USDe from Ethena Labs has become the fastest growing dollar-denominated asset in crypto history. While it took the stablecoin titans Tether and Circle, which together demand 9… [+7455 chars]",2024-04-19T19:56:39Z,N/A,Niamh Rowe,N/A,"https://fortune.com/img-assets/wp-content/uploads/2024/04/GettyImages-1232701922-e1713545513906.jpg?resize=1200,600"
38,http://www.newsbtc.com/bitcoin-news/bitcoin-bottom-in-retracement-from-73800-is-deeper-and-took-longer-to-form/,newsBTC,News Article,"Bitcoin Bottom In? Retracement From $73,800 Is Deeper And Took Longer To Form","Some analysts were frightened by the recent drop in Bitcoin prices. Though the coin is showing signs of strength, multiple leveraged longs were liquidated early this week. In a post on X, one analyst thinks Bitcoin might have just found support, bottoming up …","Some analysts were frightened by the recent drop in Bitcoin prices. Though the coin is showing signs of strength, multiple leveraged longs were liquidated early this week. 
In a post on X, one analy… [+3058 chars]",2024-05-03T20:00:42Z,N/A,Dalmas Ngetich,N/A,https://www.newsbtc.com/wp-content/uploads/2024/05/Bitcoin_6f1908.jpeg?fit=3200%2C1800
39,http://www.newsbtc.com/shiba-inu/massive-shib-movement-ignites-market-speculation-is-a-big-surge-on-the-horizon/,newsBTC,News Article,Massive SHIB Movement Ignites Market Speculation: Is A Big Surge On The Horizon?,"Shiba Inu (SHIB) is capturing significant attention following a colossal transfer of tokens and a prediction of a bullish breakout. This event has piqued the curiosity of both traders and analysts alike, sparking debates and expectations about the future traj…","Shiba Inu (SHIB) is capturing significant attention following a colossal transfer of tokens and a prediction of a bullish breakout.
This event has piqued the curiosity of both traders and analysts a… [+3219 chars]",2024-05-03T01:00:18Z,N/A,Samuel Edyme,N/A,https://www.newsbtc.com/wp-content/uploads/2023/01/SHIB-Shibarium.jpg?fit=350%2C250
40,http://www.newsbtc.com/news/usdc-beats-usdt-in-transaction-volume-by-over-400-details/,newsBTC,News Article,USDC Beats USDT In Transaction Volume By Over 400% – Details,"The seemingly unshakeable reign of Tether (USDT) as the king of stablecoins faces a new challenger. Circle’s USD Coin (USDC) has pulled off a surprise victory, recording a higher transaction volume than Tether in April 2024, according to on-chain analytics fr…","The seemingly unshakeable reign of Tether (USDT) as the king of stablecoins faces a new challenger. Circle’s USD Coin (USDC) has pulled off a surprise victory, recording a higher transaction volume t… [+3364 chars]",2024-04-30T08:50:57Z,N/A,Christian Encila,N/A,https://www.newsbtc.com/wp-content/uploads/2024/04/a_11eec4.jpeg
41,http://www.newsbtc.com/news/dogecoin/dogecoin-whales-456-million-doge/,newsBTC,News Article,Brace For Price Impact: Dogecoin Whales Move Massive 456 Million DOGE To Exchanges,Recent on-chain data has shown a transfer of 456 million DOGE tokens into crypto exchange Coinbase amidst a flurry of Dogecoin whale transactions across various exchanges in the past 24 hours. The price of DOGE has majorly traded below the $0.165 price level …,Recent on-chain data has shown a transfer of 456 million DOGE tokens into crypto exchange Coinbase amidst a flurry of Dogecoin whale transactions across various exchanges in the past 24 hours. The pr… [+3389 chars],2024-04-26T23:00:17Z,N/A,Scott Matherson,N/A,https://www.newsbtc.com/wp-content/uploads/2024/04/Dogeocin.jpeg?fit=297%2C170
42,http://www.newsbtc.com/xrp-news/xrp-surges-12-as-bulls-take-charge-expert-raises-target-to-1-4/,newsBTC,News Article,"XRP Surges 12% As Bulls Take Charge, Expert Raises Target To $1.4","XRP has shown notable signs of renewed bullish momentum in the market. It bounced back from a significant 11% price drop on April 12th, which took the token to its lowest level of the year at $0.4230.  However, last week saw a solid 12% price recovery, with X…","XRP has shown notable signs of renewed bullish momentum in the market. It bounced back from a significant 11% price drop on April 12th, which took the token to its lowest level of the year at $0.4230… [+3039 chars]",2024-04-23T21:00:29Z,N/A,Ronaldo Marquez,N/A,https://www.newsbtc.com/wp-content/uploads/2024/04/shutterstock_download-84.jpg?fit=356%2C260
43,http://www.newsbtc.com/news/whales-dive-in-but-dogecoin-price-sinks-20-whats-going-on/,newsBTC,News Article,"Whales Dive In, But Dogecoin Price Sinks 20%: What’s Going On?","Dogecoin (DOGE), the Shiba Inu-faced darling of the 2021 memecoin frenzy, has found itself shivering in the current crypto winter. Once a symbol of retail investor exuberance, DOGE has plummeted over 70% from its sky-high peak, leaving its future shrouded in …","Dogecoin (DOGE), the Shiba Inu-faced darling of the 2021 memecoin frenzy, has found itself shivering in the current crypto winter. Once a symbol of retail investor exuberance, DOGE has plummeted over… [+3155 chars]",2024-05-02T12:30:27Z,N/A,Christian Encila,N/A,https://www.newsbtc.com/wp-content/uploads/2024/05/A_4547c6.jpg?fit=960%2C549
44,http://www.newsbtc.com/news/floki-and-bonk-drop-5-after-revolut-listing-announcement/,newsBTC,News Article,FLOKI And BONK Drop 5% After Revolut Listing Announcement,"FLOKI and BONK had remarkable growth over the weekend after recovering from the Bitcoin dip at the end of last week. These tokens have been some of the hottest topics during this bull run, with FLOKI and BONK increasing by over 500% and 87%, respectively. Rec…","FLOKI and BONK had remarkable growth over the weekend after recovering from the Bitcoin dip at the end of last week. These tokens have been some of the hottest topics during this bull run, with FLOKI… [+3876 chars]",2024-04-23T22:00:03Z,N/A,Rubmar Garcia,N/A,https://www.newsbtc.com/wp-content/uploads/2024/04/ameya-sawant-S4fl_XZepkg-unsplash.jpeg?fit=1920%2C1101
45,http://www.newsbtc.com/shiba-inu/shiba-inu-price-decisive-move-buy-now/,newsBTC,News Article,Shiba Inu Price Makes Decisive Move: Is Now The Ideal Time To Buy?,"The Shiba Inu (SHIB) price has exhibited a notable increase, rising by 6.5% in the last 24 hours and 12.5% over the past week, marking a significant shift towards bullish momentum. Technical analysis of the daily SHIB/USD chart reveals a descending trend line…","The Shiba Inu (SHIB) price has exhibited a notable increase, rising by 6.5% in the last 24 hours and 12.5% over the past week, marking a significant shift towards bullish momentum. Technical analysis… [+3851 chars]",2024-05-16T16:00:13Z,N/A,Jake Simmons,N/A,https://www.newsbtc.com/wp-content/uploads/2024/03/shutterstock_2063026553.jpg?fit=3734%2C2100
46,https://bitrebels.com/business/bulgarian-woman-onecoin-crypto-fraud-case/,Bitrebels.com,News Article,Bulgarian Woman Sentenced In OneCoin Crypto Fraud Case,"Recent developments in the OneCoin cryptocurrency fraud case include the four-year prison term handed down to Irina Dilkinska, a citizen of Bulgaria. In a New York court, prosecutor Damien Williams delivered the sentence announcement. The OneCoin scheme, susp…","Recent developments in the OneCoin cryptocurrency fraud case include the four-year prison term handed down to Irina Dilkinska, a citizen of Bulgaria. In a New York court, prosecutor Damien Williams d… [+5544 chars]",2024-04-23T18:00:00Z,N/A,Hannah Parker,N/A,https://bitrebels.com/wp-content/uploads/2024/04/bulgarian-woman-sentenced-onecoin-crypto-fraud-case-header-image.jpg
47,https://www.vitalmtb.com/features/tested-ruckus-2024-troy-lees-new-workhorse-kit,Vitalmtb.com,News Article,"Tested: Ruckus 2024, Troy Lee’s New Workhorse Kit","When Brandon Semenuk asks you to develop a riding kit, you know it needs to be as hard-working and as stylish as the man himself. Troy Lee went outside the box for this one, coming up with a three-piece combo that is intended to keep you comfortable in a wide…","When Brandon Semenuk asks you to develop a riding kit, you know it needs to be as hard-working and as stylish as the man himself. Troy Lee went outside the box for this one, coming up with a three-pi… [+7295 chars]",2024-05-13T21:25:33Z,N/A,iceman2058,N/A,https://p.vitalmtb.com/photos/feature/118571/title_image/TLDA.jpg?VersionId=iI_bQ3PgsDEeSXERZc9nbq3r7f3RB4hr
48,https://www.luxuo.com/business/4-luxury-brands-embracing-cryptocurrencies.html,Luxuo.com,News Article,4 Luxury Brands Embracing Cryptocurrencies,"From luxury car manufacturer Ferrari to fashion brands Ralph Lauren and Balenciaga, cryptocurrency is making its way into the luxury sector. 
The post 4 Luxury Brands Embracing Cryptocurrencies appeared first on LUXUO.","From luxury car manufacturer Ferrari to fashion brands Ralph Lauren and Balenciaga, cryptocurrency is making its way into the luxury sector. 
Some might think cryptocurrencies are a fad that will lo… [+3315 chars]",2024-04-20T08:59:53Z,N/A,Sanjeeva Suresh,N/A,https://luxuo-com-production.s3.ap-southeast-1.amazonaws.com/2024/04/Resized-Image-01-Ferrari-Featured-Image-01.jpg
49,http://www.newsbtc.com/binance-smart-chain/bnb-smart-chain-shines-in-q1-triple-digit-surges-in-key-metrics/,newsBTC,News Article,BNB Smart Chain Shines In Q1: Triple-Digit Surges In Key Metrics,"The Binance Smart Chain (BNB Chain), developed by the world’s largest cryptocurrency exchange by trading volume, Binance, experienced significant growth and performance in the first quarter (Q1) of 2024.  As highlighted in a recent report by Messari, Binance …","The Binance Smart Chain (BNB Chain), developed by the world’s largest cryptocurrency exchange by trading volume, Binance, experienced significant growth and performance in the first quarter (Q1) of 2… [+3612 chars]",2024-04-26T00:00:32Z,N/A,Ronaldo Marquez,N/A,https://www.newsbtc.com/wp-content/uploads/2024/04/shutterstock_download-7-28.jpg?fit=446%2C260
50,http://www.newsbtc.com/news/dogecoin/expert-forecasts-700-growth-for-dogecoin-doge-as-it-sets-sights-on-1-target/,newsBTC,News Article,Expert Forecasts 700% Growth For Dogecoin (DOGE) As It Sets Sights On $1 Target,"Dogecoin (DOGE), the popular meme-based cryptocurrency, has demonstrated its resilience in the market with a 2.5% price increase over the past 24 hours, reaching a trading price of $0.1607.  Analysts, including Altcoin Sherpa and Ali Martinez, have recently s…","Dogecoin (DOGE), the popular meme-based cryptocurrency, has demonstrated its resilience in the market with a 2.5% price increase over the past 24 hours, reaching a trading price of $0.1607. 
Analyst… [+3291 chars]",2024-04-23T02:00:43Z,N/A,Ronaldo Marquez,N/A,https://www.newsbtc.com/wp-content/uploads/2024/04/shutterstock_download-7-24.jpg?fit=462%2C260
51,http://www.newsbtc.com/bitcoin-news/usdt-dominance-falling-analyst-predicts-bitcoin-to-reach-80000/,newsBTC,News Article,"USDT Dominance Falling, Analyst Predicts Bitcoin To Reach $80,000","Though Bitcoin prices are fast-dropping, looking at events in the daily chart, one analyst thinks the coin is gearing up for a comeback, citing developments in the USDT dominance chart, or USDT.D.  USDT Dominance Falling, Good For BTC? Taking to X on April 29…","Though Bitcoin prices are fast-dropping, looking at events in the daily chart, one analyst thinks the coin is gearing up for a comeback, citing developments in the USDT dominance chart, or USDT.D. 
… [+2997 chars]",2024-04-30T19:00:45Z,N/A,Dalmas Ngetich,N/A,https://www.newsbtc.com/wp-content/uploads/2024/04/Bitcoin-Small-3.jpeg?fit=320%2C213
52,http://www.newsbtc.com/bitcoin-news/buy-sell-bitcoin-quant-leading-metric/,newsBTC,News Article,Buy Or Sell Bitcoin? Quant Reveals What Leading Metric Says,"A quant has explained what a potential leading Bitcoin indicator could say about what’s next for the cryptocurrency’s price. Bitcoin Coinbase Premium May Hold The Answer To Where BTC Goes Next In a CryptoQuant Quicktake post, an analyst has talked about the t…","A quant has explained what a potential leading Bitcoin indicator could say about what’s next for the cryptocurrency’s price.
Bitcoin Coinbase Premium May Hold The Answer To Where BTC Goes Next
In a… [+2949 chars]",2024-05-14T00:00:49Z,N/A,Keshav Verma,N/A,https://www.newsbtc.com/wp-content/uploads/2024/05/shutterstock_2074133723.jpg?fit=3840%2C2160
53,http://www.newsbtc.com/bitcoin-news/bitcoin-sustain-265000-price-cryptoquant-ceo/,newsBTC,News Article,"Bitcoin Network Fundamentals Could Sustain $265,000 Price, CryptoQuant CEO Explains","The CEO of analytics firm CryptoQuant has explained how the Bitcoin network fundamentals could support a market cap three times the current size. Bitcoin Hashrate/Market Cap Ratio Could Reveal Ceiling For Cycle In a new post on X, CryptoQuant founder and CEO …","The CEO of analytics firm CryptoQuant has explained how the Bitcoin network fundamentals could support a market cap three times the current size.
Bitcoin Hashrate/Market Cap Ratio Could Reveal Ceili… [+3131 chars]",2024-05-09T02:00:01Z,N/A,Keshav Verma,N/A,https://www.newsbtc.com/wp-content/uploads/2024/05/kanchanara-rhm7H8X5J98-unsplash.jpg?fit=6048%2C4024
54,https://bitcoinist.com/coin-center-opposes-unconsititutional-stablecoin/,Bitcoinist,News Article,Coin Center Opposes ‘Unconstitutional’ Stablecoin Bill – Details,"Pro-crypto organization Coin Center is pushing against a new legislative bill targeted at regulating stablecoin use and operations. In a public statement released on Friday, the US-based advocacy group heavily criticized the Lummis-Gillibrand Payment Stableco…","Pro-crypto organization Coin Center is pushing against a new legislative bill targeted at regulating stablecoin use and operations. In a public statement released on Friday, the US-based advocacy gro… [+3115 chars]",2024-04-21T03:00:22Z,N/A,Semilore Faleti,N/A,https://bitcoinist.com/wp-content/uploads/2024/04/US-Capitol-place-meeting-Congress-Washington-DC.jpg
55,https://bitcoinist.com/pepe-whales-on-the-move-crypto-analyst-calls-for-record-shattering-price/,Bitcoinist,News Article,Pepe Whales On The Move: Crypto Analyst Calls For Record-Shattering Price,"The cryptocurrency market might be feeling the chills of a recent downturn, but one meme coin is defying the freeze – Pepe Coin. While altcoins shiver in the shadows of Bitcoin’s (BTC) recent 5% dip, PEPE is strutting its stuff with a sizable surge in the pas…","The cryptocurrency market might be feeling the chills of a recent downturn, but one meme coin is defying the freeze Pepe Coin.
While altcoins shiver in the shadows of Bitcoin’s (BTC) recent 5% dip, … [+1725 chars]",2024-05-13T15:00:56Z,N/A,Christian Encila,N/A,https://bitcoinist.com/wp-content/uploads/2024/05/a_f3ee0c.webp
56,https://bitcoinist.com/bitcoin-giving-green-light-bullish-action-quant/,Bitcoinist,News Article,"This Legendary Bitcoin Metric Is Giving Green Light For Bullish Action, Quant Explains","A quant has pointed out that a popular on-chain indicator for Bitcoin gives the asset the green light to experience bullish price action. Bitcoin Puell Multiple Has Observed A Plunge Recently As explained by an analyst in a CryptoQuant Quicktake post, the Bit…","A quant has pointed out that a popular on-chain indicator for Bitcoin gives the asset the green light to experience bullish price action.
Bitcoin Puell Multiple Has Observed A Plunge Recently
As ex… [+2955 chars]",2024-04-30T21:30:23Z,N/A,Keshav Verma,N/A,https://bitcoinist.com/wp-content/uploads/2024/04/dmytro-demidko-xZJpKskRdOg-unsplash.jpg
57,https://bitcoinist.com/ethereum-fees-lowest-since-january-bottom-signal/,Bitcoinist,News Article,Ethereum Fees Now Lowest Since January: Is It A Bottom Signal?,"On-chain data shows that Ethereum transaction fees have dropped to their lowest level since January, a sign that a bottom could be close. Ethereum Transfer Fees Has Plunged As Network Has Gone Cold According to data from the on-chain analytics firm Santiment,…","On-chain data shows that Ethereum transaction fees have dropped to their lowest level since January, a sign that a bottom could be close.
Ethereum Transfer Fees Has Plunged As Network Has Gone Cold… [+2801 chars]",2024-04-19T20:00:25Z,N/A,Keshav Verma,N/A,https://bitcoinist.com/wp-content/uploads/2024/04/kanchanara-jpsocjU9R7s-unsplash.jpg
58,https://bitcoinist.com/3-meme-coins-market-cap-100-billion-bull-cycle/,Bitcoinist,News Article,Analyst: At Least 3 Meme Coins Will Have A Market Cap Of Over $100 Billion In This Bull Cycle,"Once dismissed as a fad, Meme coins are now emerging as serious contenders in the crypto market. In a recent post on X, an analyst boldly predicted that meme coins like Dogecoin, Shiba Inu, and Bonk are not just here to stay but are poised to command at least…","Once dismissed as a fad, Meme coins are now emerging as serious contenders in the crypto market. In a recent post on X, an analyst boldly predicted that meme coins like Dogecoin, Shiba Inu, and Bonk … [+2668 chars]",2024-04-23T19:30:26Z,N/A,Dalmas Ngetich,N/A,https://bitcoinist.com/wp-content/uploads/2024/04/Crypto-news-Template22.jpg
59,https://bitcoinist.com/bitcoin-selling-coinbase-disappears-short-term-jump/,Bitcoinist,News Article,Bitcoin Selling Pressure On Coinbase Disappears: Short-Term Jump Soon?,"Data shows that Bitcoin selling pressure on the crypto exchange Coinbase is decreasing, which could be conducive to a short-term bounce. Bitcoin Coinbase Premium Gap Is Approaching Neutral Mark Again As analyst Maartunn explained in a post on X, the Coinbase …","Data shows that Bitcoin selling pressure on the crypto exchange Coinbase is decreasing, which could be conducive to a short-term bounce.
Bitcoin Coinbase Premium Gap Is Approaching Neutral Mark Agai… [+2785 chars]",2024-05-16T05:00:01Z,N/A,Keshav Verma,N/A,https://bitcoinist.com/wp-content/uploads/2024/05/shutterstock_1682022616.jpg
60,https://economictimes.indiatimes.com/markets/cryptocurrency/best-crypto-exchanges-apps-in-india-for-2024/articleshow/109582290.cms,The Times of India,News Article,Best Crypto Exchanges & Apps in India for 2024,"Cryptocurrency market in India flourishes with Mudrex, CoinDCX, CoinSwitch, WazirX, Zebpay, and BitBNS leading the way. Investors benefit from diverse tokens, top-tier security, and simplified trading experiences offered by these platforms.","Cryptocurrencies are no longer a niche concept. From major corporations to individual investors, more and more people are recognizing the potential of digital assets. The USD 1.6 billion crypto marke… [+25531 chars]",2024-04-25T08:12:55Z,N/A,ET Spotlight,N/A,"https://img.etimg.com/thumb/msid-109588343,width-1200,height-630,imgsize-758453,overlay-etmarkets/photo.jpg"
61,https://www.gadgets360.com/cryptocurrency/news/bitcoin-ether-price-today-trading-india-altcoins-losses-5547434,Gadgets360.com,News Article,"Crypto Price Today: Bitcoin Trading at $63,000, Most Altcoins Remain Shrouded by Losses","The overall crypto market cap tumbled by 0.73 percent in the last 24 hours. As of Monday, April 29, Bitcoin was trading in loss whereas Ether managed to book a profit of 2.35 percent. Most cryptocurrencies followed Bitcoin on the loss-making side of the crypt…","Bitcoin on Monday, April 29 stepped into the trading rink at the price point of $63,192 (roughly Rs. 52.6 lakh) after recording a loss of 0.57 percent in India. On international exchanges such as Bin… [+2975 chars]",2024-04-29T06:57:09Z,N/A,"Radhika Parashar, Siddharth Suvarna",N/A,https://i.gadgets360cdn.com/large/Bitcoin_markets_august_pexels_large_1661943655687.jpg
62,https://www.gadgets360.com/cryptocurrency/news/bitcoin-price-today-india-ether-trading-value-dogecoin-solana-interest-rate-cuts-5682647,Gadgets360.com,News Article,Crypto Price Today: Bitcoin Price Rises Alongside Several Altcoins as Inflation Data Spurs Speculation on Interest Rate Cut,"Bitcoin price on Friday rose while the overall crypto market cap incurred a loss of 0.90 percent over the last 24 hours. Ether, Dogecoin, Ripple, and Bitcoin Cash are among popular cryptocurrencies trading in the losses as of May 17.","Bitcoin price on Friday rose by 5.56 percent and the digital asset is currently trading at around $69,196 (roughly Rs. 57.7 lakh) on Indian cryptocurrency exchanges like WazirX and CoinSwitch and $66… [+3183 chars]",2024-05-17T06:40:27Z,N/A,"Radhika Parashar, David Delima",N/A,https://i.gadgets360cdn.com/large/crypto_coins_art_rachen_unsplash_big_1635742856600.jpg
63,https://www.gadgets360.com/cryptocurrency/news/bitcoin-price-today-ether-profits-most-altcoins-crypto-india-5495979,Gadgets360.com,News Article,"Bitcoin, Ether Record Slight Price Hikes Following BTC Halving, Most Altcoins See Gains","The overall crypto market cap spiked by 1.12 percent over the last day. Bitcoin and Ether, both recorded profits on Monday, April 22. Cardano, Shiba Inu, Dogecoin, and Polkadot – also recorded profits. Polygon, Elrond recorded price dips.","Bitcoin on Monday, April 22 joined majority cryptocurrencies on the loss side of the crypto chart. The value of the asset, at the time of writing, stood at $62,734 (roughly Rs. 52.3 lakh) after minti… [+2965 chars]",2024-04-22T07:17:40Z,N/A,"Radhika Parashar, Siddharth Suvarna",N/A,https://i.gadgets360cdn.com/large/crypto_pixabay_worldspectrum_large_1647840432595.jpg
64,https://www.globenewswire.com/news-release/2024/05/13/2880153/0/en/Coin-Sorter-Market-To-Reach-USD-9-0-Billion-By-2032-DataHorizzon-Research.html,GlobeNewswire,News Article,Coin Sorter Market To Reach USD 9.0 Billion By 2032 | DataHorizzon Research,The coin sorter market size was valued at USD 4.4 Billion in 2023 and is expected to reach a market size of USD 9.0 Billion by 2032 at a CAGR of 8.2%. The coin sorter market size was valued at USD 4.4 Billion in 2023 and is expected to reach a market size of …,"Fort Collins, Colorado, May 13, 2024 (GLOBE NEWSWIRE) -- 
The need for coin sorting technology and technology integration drives the market growth.
The integration of coin sorters with self-service… [+5036 chars]",2024-05-13T08:40:00Z,N/A,DataHorizzon Research,N/A,https://ml.globenewswire.com/Resource/Download/ee0903f0-279f-4537-8a89-666461d3d324
65,https://biztoc.com/x/216a5868df6fc859,Biztoc.com,News Article,Crypto Analyst Bullish On This Solana-Based Meme Coin Amid Market Downturn: 'This Will Prove To Be A Great Entry In Time',"As the cryptocurrency market experiences a correction, a prominent analyst has identified a meme coin running on Solana SOL/USD that is showing promising signs. What Happened: The pseudonymous analyst Bluntz has pointed out that dogwifhat WIF/USD, a meme coin…","As the cryptocurrency market experiences a correction, a prominent analyst has identified a meme coin running on Solana SOL/USD that is showing promising signs.What Happened: The pseudonymous analyst… [+287 chars]",2024-04-18T11:20:08Z,N/A,benzinga.com,N/A,https://c.biztoc.com/p/216a5868df6fc859/s.webp
66,https://biztoc.com/x/2d434ca56c905ce6,Biztoc.com,News Article,Payments Giant Stripe Reenters Crypto With USDC on Ethereum and Solana,"Payments processor Stripe is back in the crypto game after announcing today that it would allow merchants to receive funds in the USD Coin (USDC) stablecoin. Starting this summer, the San Francisco-based firm will let companies that use its technology accept …","Payments processor Stripe is back in the crypto game after announcing today that it would allow merchants to receive funds in the USD Coin (USDC) stablecoin.Starting this summer, the San Francisco-ba… [+266 chars]",2024-04-25T22:28:05Z,N/A,decrypt.co,N/A,https://c.biztoc.com/p/2d434ca56c905ce6/s.webp
67,https://biztoc.com/x/59bc8ed51b662000,Biztoc.com,News Article,Binance ties SAFU fund to USDC: Is the fund missing out on potential gains?,Binance has exchanged a diversified $1 billion crypto portfolio in SAFU funds into USD Coin. #binance #safu #usdcoin,"Binance has exchanged a diversified $1 billion crypto portfolio in SAFU funds into USD Coin.
#binance#safu#usdcoin
This story appeared on cointelegraph.com, .",2024-05-02T14:38:05Z,N/A,cointelegraph.com,N/A,https://c.biztoc.com/274/og.png
68,https://biztoc.com/x/d264e29eb22038a4,Biztoc.com,News Article,Bonk Price Prediction as BONK Becomes Best-Performing Coin in the Market,"Bonk Price Prediction Amid a vibrant market rally, the cryptocurrency Bonk price (BONK/USD) stands out, currently trading at $0.000021 with a remarkable 24-hour trading volume of $434.6 million. As Bonk secures a 5.89% increase and a market cap of about $1.34…","Bonk Price PredictionAmid a vibrant market rally, the cryptocurrency Bonk price (BONK/USD) stands out, currently trading at $0.000021 with a remarkable 24-hour trading volume of $434.6 million.As Bon… [+297 chars]",2024-04-22T04:42:10Z,N/A,cryptonews.com,N/A,https://c.biztoc.com/p/d264e29eb22038a4/s.webp
69,https://biztoc.com/x/ca521fd2a0c25ef6,Biztoc.com,News Article,XRP Price Prediction as Ripple Falls Behind USDC In Coin Rankings,"Source: Adobe The XRP (XRP) price is struggling to keep up with a broader crypto market rebound on Thursday, rising just 1.4% in 24 hours as per CoinMarketCap versus gains of 3.5% for Bitcoin (BTC) and 4.5% for Solana (SOL), with XRP’s market cap having recen…","Source: AdobeThe XRP (XRP) price is struggling to keep up with a broader crypto market rebound on Thursday, rising just 1.4% in 24 hours as per CoinMarketCap versus gains of 3.5% for Bitcoin (BTC) an… [+278 chars]",2024-04-18T23:42:11Z,N/A,cryptonews.com,N/A,https://c.biztoc.com/p/ca521fd2a0c25ef6/s.webp
70,https://biztoc.com/x/ecf8136f27f0655a,Biztoc.com,News Article,Dogwifhat surpasses $41 after Bybit listing,"The meme coin Dogwifhat (WIF) price quickly surpassed $41 after being listed on the crypto exchange Bybit yesterday, as reported by the profile Degen News on X. The order was filled and sold instantly, as the chart shared in the post shows. At the price of $4…","The meme coin Dogwifhat (WIF) price quickly surpassed $41 after being listed on the crypto exchange Bybit yesterday, as reported by the profile Degen News on X. The order was filled and sold instantl… [+268 chars]",2024-04-30T16:04:12Z,N/A,cryptobriefing.com,N/A,https://c.biztoc.com/p/ecf8136f27f0655a/s.webp
71,https://cryptobriefing.com/wif-bybit-surge-listing/,Crypto Briefing,News Article,Dogwifhat surpasses $41 after Bybit listing,"WIF meme coin's price soared past $41 on Bybit, becoming the sixth largest crypto by market cap, despite a broader downturn in meme coins.
The post Dogwifhat surpasses $41 after Bybit listing appeared first on Crypto Briefing.","Share this article
The meme coin Dogwifhat (WIF) price quickly surpassed $41 after being listed on the crypto exchange Bybit yesterday, as reported by the profile Degen News on X. The order was fill… [+381 chars]",2024-04-30T15:56:28Z,N/A,Gino Matos,N/A,https://static.cryptobriefing.com/wp-content/uploads/2024/04/30115405/img-zlFdmg5VomN6s6IpncraMEJS-800x457.jpg
72,https://biztoc.com/x/66f24957cf594b55,Biztoc.com,News Article,USDC surpasses Tether USDT,"In a surprising development, Circle’s USD Coin [USDC] has surpassed Tether [USDT] in stablecoin transactions, marking a significant shift in the cryptocurrency market. According to Visa’s on-chain analytics, USDC recorded 166.6 million transactions in April 2…","In a surprising development, Circles USD Coin [USDC] has surpassed Tether [USDT] in stablecoin transactions, marking a significant shift in the cryptocurrency market.According to Visas on-chain analy… [+281 chars]",2024-04-30T20:32:06Z,N/A,ambcrypto.com,N/A,https://c.biztoc.com/p/66f24957cf594b55/s.webp
73,https://biztoc.com/x/5f59e45c672afa80,Biztoc.com,News Article,"Defi Protocol Sonne Finance Reports Major Security Breach, $20 Million Lost to Hackers","Sonne Finance, a decentralized liquidity market protocol, was hit by a cyberattack, with initial losses of $3 million in USD Coin and Wrapped Ethereum from its Optimism chain quickly escalating to $20 million, as detected by blockchain security firm Cyvers on…","Sonne Finance, a decentralized liquidity market protocol, was hit by a cyberattack, with initial losses of $3 million in USD Coin and Wrapped Ethereum from its Optimism chain quickly escalating to $2… [+251 chars]",2024-05-15T05:36:07Z,N/A,news.bitcoin.com,N/A,https://c.biztoc.com/p/5f59e45c672afa80/s.webp
74,https://biztoc.com/x/ebf29b04009ac348,Biztoc.com,News Article,Forecasted To Hit $1.9 If This Happens,"is poised for a significant price surge if certain conditions are met, according to a recent tweet by prominent crypto analyst EGRAG Crypto. The analyst’s forecast suggests that XRP could reach as high as $1.9 if the coin manages to break through key resistan…","is poised for a significant price surge if certain conditions are met, according to a recent tweet by prominent crypto analyst EGRAG Crypto. The analysts forecast suggests that XRP could reach as hig… [+277 chars]",2024-04-24T02:36:05Z,N/A,watcher.guru,N/A,https://c.biztoc.com/p/ebf29b04009ac348/s.webp
75,https://biztoc.com/x/4f8d965d9651630e,Biztoc.com,News Article,"Bitcoin Bottom In? Retracement From $73,800 Is Deeper And Took Longer To Form","Some analysts were frightened by the recent drop in Bitcoin prices. Though the coin is showing signs of strength, multiple leveraged longs were liquidated early this week. In a post on X, one analyst thinks Bitcoin might have just found support, bottoming up …","Some analysts were frightened by the recent drop in Bitcoin prices. Though the coin is showing signs of strength, multiple leveraged longs were liquidated early this week. In a post on X, one analyst… [+227 chars]",2024-05-03T20:08:06Z,N/A,newsbtc.com,N/A,https://c.biztoc.com/p/4f8d965d9651630e/s.webp
76,https://biztoc.com/x/eeb888e752cef869,Biztoc.com,News Article,Starknet Foundation Boosts Blockchain Innovation With $5M Grants Program,"The Starknet Foundation announced on May 7 a new $5 million seed grant program to support emerging projects on the network, boosting blockchain innovation. The new Seed Grants Programme will support at least 200 promising teams with $25,000 in USD Coin to giv…","The Starknet Foundation announced on May 7 a new $5 million seed grant program to support emerging projects on the network, boosting blockchain innovation.The new Seed Grants Programme will support a… [+294 chars]",2024-05-08T01:24:14Z,N/A,cryptonews.com,N/A,https://c.biztoc.com/p/eeb888e752cef869/s.webp
77,https://biztoc.com/x/135dd728ee3b9ada,Biztoc.com,News Article,Robinhood Partners With Uniswap to Simplify Crypto Purchases for US Users,"On April 30, the popular millennial trading platform Robinhood announced that its crypto Connect feature was now available on the Uniswap mobile application. It added that eligible Robinhood customers can get $10 in the USD Coin (USDC) stablecoin as a reward …","On April 30, the popular millennial trading platform Robinhood announced that its crypto Connect feature was now available on the Uniswap mobile application.It added that eligible Robinhood customers… [+297 chars]",2024-05-02T04:14:06Z,N/A,cryptopotato.com,N/A,https://c.biztoc.com/p/135dd728ee3b9ada/s.webp
78,https://biztoc.com/x/f52ccf77a564b81c,Biztoc.com,News Article,Stablecoin Wars: Tether takes massive swipe at Ripple,"Not long after blockchain company Ripple announced that it would launch its own stablecoin, pitting it against the likes of Tether (USDT) and Circle, the issuer of USD Coin (USDC), the Tether team made a snarky comment suggesting its competitor had been unsuc…","Not long after blockchain company Ripple announced that it would launch its own stablecoin, pitting it against the likes of Tether (USDT) and Circle, the issuer of USD Coin (USDC), the Tether team ma… [+299 chars]",2024-04-30T12:08:10Z,N/A,finbold.com,N/A,https://c.biztoc.com/p/f52ccf77a564b81c/s.webp
79,https://biztoc.com/x/bb95aa966e6e0c5f,Biztoc.com,News Article,Robert Kiyosaki Advocates Bitcoin Amid Impending BRICS Crypto Launch,"“Rich Dad Poor Dad” Author Robert Kiyosaki has advised his followers to buy Bitcoin (BTC) again. While he is known to always make this call, this time around, he believes the coin can prevent fallout from the US Dollar crash. BRICS Crypto and Bitcoin Advantag…","Rich Dad Poor Dad Author Robert Kiyosaki has advised his followers to buy Bitcoin (BTC) again. While he is known to always make this call, this time around, he believes the coin can prevent fallout f… [+295 chars]",2024-05-12T15:46:12Z,N/A,coingape.com,N/A,https://c.biztoc.com/p/bb95aa966e6e0c5f/s.webp
80,https://biztoc.com/x/4ee5f4fd72333c3e,Biztoc.com,News Article,Coinbase earnings show a bullish start to the year,"Coinbase’s earnings seem to show that crypto is ready for a bull market, if it’s not in one currently. The company impressed Wall Street with its earnings on Thursday, posting beats across the board. Coinbase also reported that Base was continuing to see adop…","Coinbases earnings seem to show that crypto is ready for a bull market, if its not in one currently. The company impressed Wall Street with its earnings on Thursday, posting beats across the board.Co… [+292 chars]",2024-05-02T21:08:06Z,N/A,blockworks.co,N/A,https://c.biztoc.com/274/og.png
81,https://biztoc.com/x/9294ae8d35ad5874,Biztoc.com,News Article,"Crypto Whales Channel $1.3 Billion to Coinbase, Sparking Bullish Speculations","Crypto whales recently transferred a total of $1.3 billion in USD Coin (USDC) to the major exchange platform, Coinbase. Market analysts are viewing these transfers as a potential giant buy signal. This massive influx of funds occurred in synchronized transact…","Crypto whales recently transferred a total of $1.3 billion in USD Coin (USDC) to the major exchange platform, Coinbase. Market analysts are viewing these transfers as a potential giant buy signal. Th… [+300 chars]",2024-04-26T07:34:04Z,N/A,beincrypto.com,N/A,https://c.biztoc.com/p/9294ae8d35ad5874/s.webp
82,https://biztoc.com/x/f820a57c329491a9,Biztoc.com,News Article,CoinGate integrates Solana (SOL) to enhance crypto payments for merchants,"CoinGate, the renowned cryptocurrency payment processor, has announced the integration of the Solana (SOL) network within its payment gateway. Starting today, May 14, merchants can accept Solana (SOL) as a payment currency through CoinGate’s platform. In addi…","CoinGate, the renowned cryptocurrency payment processor, has announced the integration of the Solana (SOL) network within its payment gateway. Starting today, May 14, merchants can accept Solana (SOL… [+303 chars]",2024-05-14T10:04:11Z,N/A,finbold.com,N/A,https://c.biztoc.com/p/f820a57c329491a9/s.webp
83,https://biztoc.com/x/025745925b85498f,Biztoc.com,News Article,Binance Discontinues Support for XRP in Multi-Assets Mode,"Binance reveals plans to limit its support for XRP by delisting the coin as a margin asset in multi-assets mode. Famous crypto exchange Binance has announced plans to limit its support for XRP, the seventh-largest cryptocurrency by market cap. Binance Delists…","Binance reveals plans to limit its support for XRP by delisting the coin as a margin asset in multi-assets mode.Famous crypto exchange Binance has announced plans to limit its support for XRP, the se… [+291 chars]",2024-05-15T08:16:06Z,N/A,thecryptobasic.com,N/A,https://c.biztoc.com/p/025745925b85498f/s.webp
84,https://biztoc.com/x/df7a35c52dc81a8c,Biztoc.com,News Article,XRP And Worldcoin Investors Show Interest In Rebel Satoshi Presale For Skyrocketing Memecoin Gains,The post XRP And Worldcoin Investors Show Interest In Rebel Satoshi Presale For Skyrocketing Memecoin Gains appeared first on Coinpedia Fintech News TLDR XRP holders hope for a return to $0.7. Worldcoin’s (WLD) network activity will rise in Q2 2024. Rebel Sat…,The post XRP And Worldcoin Investors Show Interest In Rebel Satoshi Presale For Skyrocketing Memecoin Gains appeared first on Coinpedia Fintech NewsTLDRXRP holders hope for a return to $0.7.Worldcoin… [+279 chars],2024-05-17T11:36:10Z,N/A,coinpedia.org,N/A,https://c.biztoc.com/p/df7a35c52dc81a8c/s.webp
85,https://biztoc.com/x/187ce6b4da9470ee,Biztoc.com,News Article,Binance converts $1B emergency fund to USDC,"Binance has converted $1 billion from its Secure Asset Fund for Users (SAFU) into Circle’s stablecoin USD Coin (USDC), effectively placing the fund to represent approximately 3% of the stablecoin’s total circulating supply. The SAFU was established in 2018 to…","Binance has converted $1 billion from its Secure Asset Fund for Users (SAFU) into Circles stablecoin USD Coin (USDC), effectively placing the fund to represent approximately 3% of the stablecoins tot… [+297 chars]",2024-04-18T11:56:08Z,N/A,cryptobriefing.com,N/A,https://c.biztoc.com/p/187ce6b4da9470ee/s.webp
86,https://biztoc.com/x/35d61fd8f63f9926,Biztoc.com,News Article,Binance Opts for USDC Reserves While It Seeks India Return and Dubai Entry,"Binance, the world’s largest cryptocurrency exchange, is now converting its billion-dollar Secure Asset Fund for Users (SAFU) to USD Coin (USDC). This move aims to bolster user trust by utilizing a more stable and transparent stablecoin. Concurrently, Binance…","Binance, the worlds largest cryptocurrency exchange, is now converting its billion-dollar Secure Asset Fund for Users (SAFU) to USD Coin (USDC). This move aims to bolster user trust by utilizing a mo… [+305 chars]",2024-04-18T07:46:04Z,N/A,beincrypto.com,N/A,https://c.biztoc.com/p/35d61fd8f63f9926/s.webp
87,https://biztoc.com/x/aae1efcd78201b60,Biztoc.com,News Article,Binance Converts User Emergency Fund Assets into USDC for Enhanced Stability,"Binance has made a significant strategic move by converting the entire pool of assets held in its emergency fund for users into USDC (USD Coin), a stablecoin issued by Circle Internet Financial. The exchange’s Secure Asset Fund for Users (SAFU), established i…","Binance has made a significant strategic move by converting the entire pool of assets held in its emergency fund for users into USDC (USD Coin), a stablecoin issued by Circle Internet Financial. The … [+295 chars]",2024-04-18T08:18:11Z,N/A,cryptonews.com,N/A,https://c.biztoc.com/p/aae1efcd78201b60/s.webp
88,https://biztoc.com/x/19b8e26df0432f6b,Biztoc.com,News Article,Cardano Founder Charles Hoskinson Labels USDC As Early CBDC,"In a notable statement, Charles Hoskinson, the founder of Cardano, recently drew attention to USD Coin (USDC) by labeling it as an early Central Bank Digital Currency (CBDC). This characterization sheds light on the growing significance of stablecoins like US…","In a notable statement, Charles Hoskinson, the founder of Cardano, recently drew attention to USD Coin (USDC) by labeling it as an early Central Bank Digital Currency (CBDC). This characterization sh… [+295 chars]",2024-04-23T09:34:07Z,N/A,coingape.com,N/A,https://c.biztoc.com/p/19b8e26df0432f6b/s.webp
89,https://biztoc.com/x/a37380112cec21f9,Biztoc.com,News Article,Payments Giant Stripe Expands Crypto Return With Avalanche Integration,"Payments processor Stripe is going all in on crypto, it seems, as it today announces its integration of Avalanche. Just last week, the San Francisco-based firm announced it was allowing companies that use its technology to accept USD Coin (USDC) stablecoin fo…","Payments processor Stripe is going all in on crypto, it seems, as it today announces its integration of Avalanche.Just last week, the San Francisco-based firm announced it was allowing companies that… [+276 chars]",2024-04-29T13:10:05Z,N/A,decrypt.co,N/A,https://c.biztoc.com/p/a37380112cec21f9/s.webp
90,https://biztoc.com/x/d5634dc32a01a4da,Biztoc.com,News Article,"Bitcoin ETF Mania Drives Record Growth Across Coinbase's Platforms, CEO Brian Armstrong Notes 'We Saw All-Time Highs In Trading Volume...' - ARK 21Shares…","Coinbase Global Inc. COIN has experienced a significant surge in customer adoption and trading activity across its platforms, driven by the launch of several Bitcoin BTC/USD spot ETFs in the U.S. during the first quarter of 2024. What Happened: Coinbase’s co-…","Coinbase Global Inc. COIN has experienced a significant surge in customer adoption and trading activity across its platforms, driven by the launch of several Bitcoin BTC/USD spot ETFs in the U.S. dur… [+304 chars]",2024-05-03T20:34:07Z,N/A,benzinga.com,N/A,https://c.biztoc.com/p/d5634dc32a01a4da/og.webp
91,https://financialpost.com/pmn/business-wire-news-releases-pmn/tokens-com-reports-financial-results-for-q2-2024,Financial Post,News Article,Tokens.com Reports Financial Results for Q2 2024,"TORONTO — Tokens.com Corp. (TSX-V: COIN)(Frankfurt Stock Exchange: 76M) (OTCQB US: SMURF) (“Tokens.com” or the “Company”), a technology company focused on building AI-integrated humanoid robots, is pleased to report its financial results for three and six mon…","TORONTO Tokens.com Corp. (TSX-V: COIN)(Frankfurt Stock Exchange: 76M) (OTCQB US: SMURF) (Tokens.com or the Company), a technology company focused on building AI-integrated humanoid robots, is pleased… [+4224 chars]",2024-05-09T11:37:12Z,N/A,Business Wire,N/A,N/A
92,https://biztoc.com/x/5389c26e3e85573c,Biztoc.com,News Article,Top five stablecoins near all-time high with $150 billion market cap,"Quick Take The aggregate supply of the top five stablecoins has reached $150 billion in market capitalization, with USDT (Tether) and USDC (USD Coin) leading the pack at $110 billion and $34 billion, respectively. BUSD, DAI, and TUSD make up the remaining $6 …","Quick TakeThe aggregate supply of the top five stablecoins has reached $150 billion in market capitalization, with USDT (Tether) and USDC (USD Coin) leading the pack at $110 billion and $34 billion, … [+279 chars]",2024-04-23T20:48:05Z,N/A,cryptoslate.com,N/A,https://c.biztoc.com/p/5389c26e3e85573c/s.webp
93,https://biztoc.com/x/17c5cc93396aa4f7,Biztoc.com,News Article,Circle to Relocate Legal Domicile from Ireland to U.S,"The move comes ahead of the USDC issuer’s potential IPO, for which it filed paperwork with the SEC in January. Circle, the issuer of DeFi's second-largest stablecoin, USD Coin, plans to change its legal domicile from the Republic of Ireland to the United Stat…","The move comes ahead of the USDC issuers potential IPO, for which it filed paperwork with the SEC in January.Circle, the issuer of DeFi's second-largest stablecoin, USD Coin, plans to change its lega… [+287 chars]",2024-05-15T20:44:10Z,N/A,thedefiant.io,N/A,https://c.biztoc.com/p/17c5cc93396aa4f7/s.webp
94,https://biztoc.com/x/3129841bca3451f6,Biztoc.com,News Article,Circle to Relocate Legal Domicile from Ireland to U.S,"The move comes ahead of the USDC issuer’s potential IPO, for which it filed paperwork with the SEC in January. Circle, the issuer of DeFi's second-largest stablecoin, USD Coin, plans to change its legal domicile from the Republic of Ireland to the United Stat…","The move comes ahead of the USDC issuers potential IPO, for which it filed paperwork with the SEC in January.Circle, the issuer of DeFi's second-largest stablecoin, USD Coin, plans to change its lega… [+287 chars]",2024-05-17T21:16:12Z,N/A,thedefiant.io,N/A,https://c.biztoc.com/p/3129841bca3451f6/s.webp
95,https://biztoc.com/x/fa34f8bd585cbf49,Biztoc.com,News Article,Solana’s Defi Landscape to Shift With Marginfi’s Introduction of YBX Stablecoin,"The decentralized lending protocol built on the Solana blockchain, Marginfi, announced the upcoming launch of YBX, which is expected to be the first notable decentralized stablecoin on Solana, aiming to provide an alternative to the network’s heavy reliance o…","The decentralized lending protocol built on the Solana blockchain, Marginfi, announced the upcoming launch of YBX, which is expected to be the first notable decentralized stablecoin on Solana, aiming… [+251 chars]",2024-05-11T16:40:10Z,N/A,news.bitcoin.com,N/A,https://c.biztoc.com/p/fa34f8bd585cbf49/s.webp
96,https://biztoc.com/x/7dfaff2afbfb4de5,Biztoc.com,News Article,The 3 Most Undervalued Blockchain Stocks to Buy in May 2024,"Investing in the blockchain and cryptocurrency realm presents a spectrum of opportunities, each with its unique risk-reward dynamics. While directly investing in cryptocurrencies like Bitcoin (BTC-USD) exposes investors to the inherent volatility of these dig…","Investing in the blockchain and cryptocurrency realm presents a spectrum of opportunities, each with its unique risk-reward dynamics. While directly investing in cryptocurrencies like Bitcoin (BTC-US… [+286 chars]",2024-05-10T12:04:16Z,N/A,investorplace.com,N/A,https://c.biztoc.com/p/7dfaff2afbfb4de5/s.webp
97,https://cryptobriefing.com/stablecoin-trading-volume/,Crypto Briefing,News Article,Stablecoin trading volume outpaces Visa’s 2023 monthly average,"Stablecoins, including USDT, DAI, and USDC, have processed transactions exceeding $1.3 trillion, outstripping Visa's 2023 monthly average.
The post Stablecoin trading volume outpaces Visa’s 2023 monthly average appeared first on Crypto Briefing.","Share this article
The three largest stablecoins by market cap have processed over $1.3 trillion in transactions in dollar terms in the past 30 days. According to data from an on-chain specialist at… [+377 chars]",2024-04-29T14:59:52Z,N/A,Gino Matos,N/A,https://static.cryptobriefing.com/wp-content/uploads/2024/04/29105914/662fb5c1b5d3a7-75397569-800x455.jpeg
98,https://biztoc.com/x/b2f4efb0fbde3203,Biztoc.com,News Article,"Binance Converts $1B SAFU Fund to USDC, Now 3% of Circulating Supply","Binance has announced that it is converting its Secure Asset Fund for Users (SAFU) into Circle’s USD Coin (USDC). Following the $1B conversion into USDC, this stash now makes up approximately 3% of Circle’s total circulating supply, which is $32.6 billion. SA…","Binance has announced that it is converting its Secure Asset Fund for Users (SAFU) into Circles USD Coin (USDC).Following the $1B conversion into USDC, this stash now makes up approximately 3% of Cir… [+286 chars]",2024-04-18T20:20:11Z,N/A,cryptopotato.com,N/A,https://c.biztoc.com/p/b2f4efb0fbde3203/s.webp
99,https://biztoc.com/x/d1b5d7379ca20022,Biztoc.com,News Article,USDC Beats USDT In Transaction Volume By Over 400%,"The seemingly unshakeable reign of Tether (USDT) as the king of stablecoins faces a new challenger. Circle’s USD Coin (USDC) has pulled off a surprise victory, recording a higher transaction volume than Tether in April 2024, according to on-chain analytics fr…","The seemingly unshakeable reign of Tether (USDT) as the king of stablecoins faces a new challenger. Circles USD Coin (USDC) has pulled off a surprise victory, recording a higher transaction volume th… [+288 chars]",2024-04-30T09:04:05Z,N/A,newsbtc.com,N/A,https://c.biztoc.com/p/d1b5d7379ca20022/s.webp
